event_date,event_name,section,count,min_price,avg_price
2026-04-22,"Find Tickets
San Jose Earthquakes vs. Austin FC",122,4,35.7,49.385000000000005
2026-04-22,"Find Tickets
San Jose Earthquakes vs. Austin FC",112,2,38.08,38.08
2026-04-22,"Find Tickets
San Jose Earthquakes vs. Austin FC",123,3,38.08,38.873333333333335
2026-04-22,"Find Tickets
San Jose Earthquakes vs. Austin FC",GENERAL ADMISSION,1,38.08,38.08
2026-04-22,"Find Tickets
San Jose Earthquakes vs. Austin FC",SUPPORTERS,1,38.08,38.08
2026-04-22,"Find Tickets
San Jose Earthquakes vs. Austin FC",114,1,39.27,39.27
2026-04-22,"Find Tickets
San Jose Earthquakes vs. Austin FC",121,2,39.27,39.865
2026-04-22,"Find Tickets
San Jose Earthquakes vs. Austin FC",124,10,39.27,52.36
2026-04-22,"Find Tickets
San Jose Earthquakes vs. Austin FC",110,3,40.46,40.85666666666666
2026-04-22,"Find Tickets
San Jose Earthquakes vs. Austin FC",117,1,40.46,40.46
2026-04-22,"Find Tickets
San Jose Earthquakes vs. Austin FC",125,4,40.46,41.3525
2026-04-22,"Find Tickets
San Jose Earthquakes vs. Austin FC",SOUTH GA,1,40.46,40.46
2026-04-22,"Find Tickets
San Jose Earthquakes vs. Austin FC",102,1,42.84,42.84
2026-04-22,"Find Tickets
San Jose Earthquakes vs. Austin FC",130,6,42.84,81.515
2026-04-22,"Find Tickets
San Jose Earthquakes vs. Austin FC",132,3,42.84,49.583333333333336
2026-04-22,"Find Tickets
San Jose Earthquakes vs. Austin FC",133,3,42.84,44.82333333333333
2026-04-22,"Find Tickets
San Jose Earthquakes vs. Austin FC",103,2,44.03,44.03
2026-04-22,"Find Tickets
San Jose Earthquakes vs. Austin FC",118,1,44.03,44.03
2026-04-22,"Find Tickets
San Jose Earthquakes vs. Austin FC",NORTH SUPP,1,44.03,44.03
2026-04-22,"Find Tickets
San Jose Earthquakes vs. Austin FC",109,1,45.22,45.22
2026-04-22,"Find Tickets
San Jose Earthquakes vs. Austin FC",126,3,45.22,118.20666666666666
2026-04-22,"Find Tickets
San Jose Earthquakes vs. Austin FC",127,7,45.22,108.8
2026-04-22,"Find Tickets
San Jose Earthquakes vs. Austin FC",128,5,45.22,93.53399999999999
2026-04-22,"Find Tickets
San Jose Earthquakes vs. Austin FC",131,7,45.22,93.67
2026-04-22,"Find Tickets
San Jose Earthquakes vs. Austin FC",129,4,46.41,76.755
2026-04-22,"Find Tickets
San Jose Earthquakes vs. Austin FC",120,2,48.79,64.855
2026-04-22,"Find Tickets
San Jose Earthquakes vs. Austin FC",TION 108,1,71.4,71.4
2026-04-25,"Find Tickets
St. Louis City SC vs. San Jose Earthquakes",101,2,91.02,92.25
2026-04-25,"Find Tickets
St. Louis City SC vs. San Jose Earthquakes",110,12,91.02,97.4775
2026-04-25,"Find Tickets
St. Louis City SC vs. San Jose Earthquakes",148,3,91.02,107.00999999999999
2026-04-25,"Find Tickets
St. Louis City SC vs. San Jose Earthquakes",109,9,93.48,107.69333333333333
2026-04-25,"Find Tickets
St. Louis City SC vs. San Jose Earthquakes",102,6,98.4,101.47500000000001
2026-04-25,"Find Tickets
St. Louis City SC vs. San Jose Earthquakes",103,9,103.32,115.48333333333332
2026-04-25,"Find Tickets
St. Louis City SC vs. San Jose Earthquakes",108,6,103.32,110.69999999999999
2026-04-25,"Find Tickets
St. Louis City SC vs. San Jose Earthquakes",104,5,131.61,136.776
2026-04-25,"Find Tickets
St. Louis City SC vs. San Jose Earthquakes",107,12,136.53,141.5525
2026-04-25,"Find Tickets
St. Louis City SC vs. San Jose Earthquakes",105,10,146.37,150.798
2026-04-25,"Find Tickets
St. Louis City SC vs. San Jose Earthquakes",106,5,146.37,146.37
2026-04-25,"Find Tickets
St. Louis City SC vs. San Jose Earthquakes",128,1,254.61,254.61
2026-05-09,"Find Tickets
San Jose Earthquakes vs. Vancouver Whitecaps FC",SEISMIC UNION,1,55.66,55.66
2026-05-09,"Find Tickets
San Jose Earthquakes vs. Vancouver Whitecaps FC",115,2,72.6,76.835
2026-05-09,"Find Tickets
San Jose Earthquakes vs. Vancouver Whitecaps FC",GENERAL ADMISSION,1,72.6,72.6
2026-05-09,"Find Tickets
San Jose Earthquakes vs. Vancouver Whitecaps FC",121,4,73.81,80.1625
2026-05-09,"Find Tickets
San Jose Earthquakes vs. Vancouver Whitecaps FC",SOUTH GA,1,73.81,73.81
2026-05-09,"Find Tickets
San Jose Earthquakes vs. Vancouver Whitecaps FC",112,2,77.44,79.86
2026-05-09,"Find Tickets
San Jose Earthquakes vs. Vancouver Whitecaps FC",122,3,77.44,93.17
2026-05-09,"Find Tickets
San Jose Earthquakes vs. Vancouver Whitecaps FC",119,1,78.65,78.65
2026-05-09,"Find Tickets
San Jose Earthquakes vs. Vancouver Whitecaps FC",120,3,79.86,125.03333333333335
2026-05-09,"Find Tickets
San Jose Earthquakes vs. Vancouver Whitecaps FC",113,1,82.28,82.28
2026-05-09,"Find Tickets
San Jose Earthquakes vs. Vancouver Whitecaps FC",123,4,83.49,84.095
2026-05-09,"Find Tickets
San Jose Earthquakes vs. Vancouver Whitecaps FC",124,3,83.49,97.20333333333333
2026-05-09,"Find Tickets
San Jose Earthquakes vs. Vancouver Whitecaps FC",133,3,83.49,88.33
2026-05-09,"Find Tickets
San Jose Earthquakes vs. Vancouver Whitecaps FC",114,1,85.91,85.91
2026-05-09,"Find Tickets
San Jose Earthquakes vs. Vancouver Whitecaps FC",125,3,85.91,92.36333333333334
2026-05-09,"Find Tickets
San Jose Earthquakes vs. Vancouver Whitecaps FC",101,1,87.12,87.12
2026-05-09,"Find Tickets
San Jose Earthquakes vs. Vancouver Whitecaps FC",110,3,88.33,92.76666666666667
2026-05-09,"Find Tickets
San Jose Earthquakes vs. Vancouver Whitecaps FC",117,1,90.75,90.75
2026-05-09,"Find Tickets
San Jose Earthquakes vs. Vancouver Whitecaps FC",103,2,91.96,94.38
2026-05-09,"Find Tickets
San Jose Earthquakes vs. Vancouver Whitecaps FC",102,2,93.17,102.245
2026-05-09,"Find Tickets
San Jose Earthquakes vs. Vancouver Whitecaps FC",109,2,98.01,99.22
2026-05-09,"Find Tickets
San Jose Earthquakes vs. Vancouver Whitecaps FC",132,2,98.01,99.22
2026-05-09,"Find Tickets
San Jose Earthquakes vs. Vancouver Whitecaps FC",116,2,99.22,101.035
2026-05-09,"Find Tickets
San Jose Earthquakes vs. Vancouver Whitecaps FC",126,2,99.22,101.64
2026-05-09,"Find Tickets
San Jose Earthquakes vs. Vancouver Whitecaps FC",127,4,108.9,114.0425
2026-05-09,"Find Tickets
San Jose Earthquakes vs. Vancouver Whitecaps FC",131,3,108.9,114.54666666666667
2026-05-09,"Find Tickets
San Jose Earthquakes vs. Vancouver Whitecaps FC",130,4,111.32,122.5125
2026-05-09,"Find Tickets
San Jose Earthquakes vs. Vancouver Whitecaps FC",128,4,117.37,126.7475
2026-05-09,"Find Tickets
San Jose Earthquakes vs. Vancouver Whitecaps FC",108,1,118.58,118.58
2026-05-09,"Find Tickets
San Jose Earthquakes vs. Vancouver Whitecaps FC",129,5,119.79,141.32800000000003
2026-05-09,"Find Tickets
San Jose Earthquakes vs. Vancouver Whitecaps FC",105,2,133.1,137.94
2026-05-09,"Find Tickets
San Jose Earthquakes vs. Vancouver Whitecaps FC",107,1,133.1,133.1
2026-05-13,"Find Tickets
Seattle Sounders FC vs. San Jose Earthquakes",126,5,20.0,24.6
2026-05-13,"Find Tickets
Seattle Sounders FC vs. San Jose Earthquakes",123,2,21.0,22.5
2026-05-13,"Find Tickets
Seattle Sounders FC vs. San Jose Earthquakes",117,2,22.0,24.0
2026-05-13,"Find Tickets
Seattle Sounders FC vs. San Jose Earthquakes",118,7,22.0,24.0
2026-05-13,"Find Tickets
Seattle Sounders FC vs. San Jose Earthquakes",122,3,22.0,24.0
2026-05-13,"Find Tickets
Seattle Sounders FC vs. San Jose Earthquakes",128,1,22.0,22.0
2026-05-13,"Find Tickets
Seattle Sounders FC vs. San Jose Earthquakes",124,3,24.0,26.0
2026-05-13,"Find Tickets
Seattle Sounders FC vs. San Jose Earthquakes",102,3,25.0,25.0
2026-05-13,"Find Tickets
Seattle Sounders FC vs. San Jose Earthquakes",119,3,25.0,26.666666666666668
2026-05-13,"Find Tickets
Seattle Sounders FC vs. San Jose Earthquakes",120,3,25.0,26.666666666666668
2026-05-13,"Find Tickets
Seattle Sounders FC vs. San Jose Earthquakes",121,1,25.0,25.0
2026-05-13,"Find Tickets
Seattle Sounders FC vs. San Jose Earthquakes",143,5,25.0,25.8
2026-05-13,"Find Tickets
Seattle Sounders FC vs. San Jose Earthquakes",144,1,25.0,25.0
2026-05-13,"Find Tickets
Seattle Sounders FC vs. San Jose Earthquakes",215,1,25.0,25.0
2026-05-13,"Find Tickets
Seattle Sounders FC vs. San Jose Earthquakes",127,2,26.0,26.5
2026-05-13,"Find Tickets
Seattle Sounders FC vs. San Jose Earthquakes",229,2,27.0,27.5
2026-05-13,"Find Tickets
Seattle Sounders FC vs. San Jose Earthquakes",116,1,28.0,28.0
2026-05-13,"Find Tickets
Seattle Sounders FC vs. San Jose Earthquakes",125,1,28.0,28.0
2026-05-13,"Find Tickets
Seattle Sounders FC vs. San Jose Earthquakes",147,1,28.0,28.0
2026-05-13,"Find Tickets
Seattle Sounders FC vs. San Jose Earthquakes",149,1,28.0,28.0
2026-05-13,"Find Tickets
Seattle Sounders FC vs. San Jose Earthquakes",130,1,29.0,29.0
2026-05-13,"Find Tickets
Seattle Sounders FC vs. San Jose Earthquakes",142,1,29.0,29.0
2026-05-13,"Find Tickets
Seattle Sounders FC vs. San Jose Earthquakes",145,1,29.0,29.0
2026-05-13,"Find Tickets
Seattle Sounders FC vs. San Jose Earthquakes",151,1,29.0,29.0
2026-05-13,"Find Tickets
Seattle Sounders FC vs. San Jose Earthquakes",204,1,29.0,29.0
2026-05-16,"Find Tickets
San Jose Earthquakes vs. FC Dallas",119,1,52.65,52.65
2026-05-16,"Find Tickets
San Jose Earthquakes vs. FC Dallas",GENERAL ADMISSION,1,52.65,52.65
2026-05-16,"Find Tickets
San Jose Earthquakes vs. FC Dallas",120,2,56.16,58.5
2026-05-16,"Find Tickets
San Jose Earthquakes vs. FC Dallas",115,1,57.33,57.33
2026-05-16,"Find Tickets
San Jose Earthquakes vs. FC Dallas",112,1,58.5,58.5
2026-05-16,"Find Tickets
San Jose Earthquakes vs. FC Dallas",113,2,58.5,58.5
2026-05-16,"Find Tickets
San Jose Earthquakes vs. FC Dallas",121,4,58.5,63.18
2026-05-16,"Find Tickets
San Jose Earthquakes vs. FC Dallas",122,2,59.67,60.255
2026-05-16,"Find Tickets
San Jose Earthquakes vs. FC Dallas",114,1,60.84,60.84
2026-05-16,"Find Tickets
San Jose Earthquakes vs. FC Dallas",123,3,62.01,62.79
2026-05-16,"Find Tickets
San Jose Earthquakes vs. FC Dallas",124,3,66.69,69.81
2026-05-16,"Find Tickets
San Jose Earthquakes vs. FC Dallas",SEISMIC UNION,1,66.69,66.69
2026-05-16,"Find Tickets
San Jose Earthquakes vs. FC Dallas",101,1,67.86,67.86
2026-05-16,"Find Tickets
San Jose Earthquakes vs. FC Dallas",125,4,69.03,71.37
2026-05-16,"Find Tickets
San Jose Earthquakes vs. FC Dallas",110,2,71.37,72.53999999999999
2026-05-16,"Find Tickets
San Jose Earthquakes vs. FC Dallas",102,1,72.54,72.54
2026-05-16,"Find Tickets
San Jose Earthquakes vs. FC Dallas",133,3,72.54,73.71
2026-05-16,"Find Tickets
San Jose Earthquakes vs. FC Dallas",103,1,73.71,73.71
2026-05-16,"Find Tickets
San Jose Earthquakes vs. FC Dallas",132,3,73.71,75.66
2026-05-16,"Find Tickets
San Jose Earthquakes vs. FC Dallas",130,1,76.05,76.05
2026-05-16,"Find Tickets
San Jose Earthquakes vs. FC Dallas",126,1,77.22,77.22
2026-05-16,"Find Tickets
San Jose Earthquakes vs. FC Dallas",109,1,78.39,78.39
2026-05-23,"Find Tickets
Portland Timbers vs. San Jose Earthquakes",GENERAL ADMISSION SUPPORTERS,29,41.14,53.11482758620689
2026-05-23,"Find Tickets
Portland Timbers vs. San Jose Earthquakes",GENERAL ADMISSION,1,44.77,44.77
2026-05-23,"Find Tickets
Portland Timbers vs. San Jose Earthquakes",202,6,47.19,73.81
2026-05-23,"Find Tickets
Portland Timbers vs. San Jose Earthquakes",209,6,47.19,74.01166666666667
2026-05-23,"Find Tickets
Portland Timbers vs. San Jose Earthquakes",210,4,47.19,78.3475
2026-05-23,"Find Tickets
Portland Timbers vs. San Jose Earthquakes",216,8,55.66,82.73375
2026-05-23,"Find Tickets
Portland Timbers vs. San Jose Earthquakes",221,5,55.66,82.764
2026-05-23,"Find Tickets
Portland Timbers vs. San Jose Earthquakes",220,4,61.71,99.22
2026-05-23,"Find Tickets
Portland Timbers vs. San Jose Earthquakes",219,3,62.92,89.94333333333333
2026-05-23,"Find Tickets
Portland Timbers vs. San Jose Earthquakes",218,13,64.13,79.20846153846153
2026-05-23,"Find Tickets
Portland Timbers vs. San Jose Earthquakes",122,11,68.97,93.61
2026-05-23,"Find Tickets
Portland Timbers vs. San Jose Earthquakes",94,2,70.18,101.64
2026-05-23,"Find Tickets
Portland Timbers vs. San Jose Earthquakes",95,4,72.6,98.00999999999999
2026-05-23,"Find Tickets
Portland Timbers vs. San Jose Earthquakes",LOWER 122,1,72.6,72.6
2026-05-23,"Find Tickets
Portland Timbers vs. San Jose Earthquakes",92,1,75.02,75.02
2026-05-23,"Find Tickets
Portland Timbers vs. San Jose Earthquakes",EV3,5,75.02,101.88199999999999
2026-05-23,"Find Tickets
Portland Timbers vs. San Jose Earthquakes",121,3,81.07,85.91000000000001
2026-05-23,"Find Tickets
Portland Timbers vs. San Jose Earthquakes",217,1,85.91,85.91
2026-05-23,"Find Tickets
Portland Timbers vs. San Jose Earthquakes",EV7,2,90.75,111.925
2026-05-23,"Find Tickets
Portland Timbers vs. San Jose Earthquakes",215,1,113.74,113.74
2026-05-23,"Find Tickets
Portland Timbers vs. San Jose Earthquakes",222,2,113.74,113.74
2026-05-23,"Find Tickets
Portland Timbers vs. San Jose Earthquakes",99,2,118.58,119.185
2026-05-23,"Find Tickets
Portland Timbers vs. San Jose Earthquakes",EV8,1,122.21,122.21
2026-05-23,"Find Tickets
Portland Timbers vs. San Jose Earthquakes",EV2,1,131.89,131.89
2026-05-23,"Find Tickets
Portland Timbers vs. San Jose Earthquakes",93,1,133.1,133.1
2026-05-23,"Find Tickets
Portland Timbers vs. San Jose Earthquakes",EV4,2,133.1,133.1
2026-05-23,"Find Tickets
Portland Timbers vs. San Jose Earthquakes",EV5,1,145.2,145.2
2026-07-22,"Find Tickets
San Jose Earthquakes vs. Orlando City SC",119,2,46.41,47.599999999999994
2026-07-22,"Find Tickets
San Jose Earthquakes vs. Orlando City SC",117,2,48.79,69.02
2026-07-22,"Find Tickets
San Jose Earthquakes vs. Orlando City SC",120,7,48.79,67.83
2026-07-22,"Find Tickets
San Jose Earthquakes vs. Orlando City SC",GENERAL ADMISSION,1,48.79,48.79
2026-07-22,"Find Tickets
San Jose Earthquakes vs. Orlando City SC",115,1,49.98,49.98
2026-07-22,"Find Tickets
San Jose Earthquakes vs. Orlando City SC",112,1,52.36,52.36
2026-07-22,"Find Tickets
San Jose Earthquakes vs. Orlando City SC",113,2,52.36,52.36
2026-07-22,"Find Tickets
San Jose Earthquakes vs. Orlando City SC",121,5,53.55,63.30800000000001
2026-07-22,"Find Tickets
San Jose Earthquakes vs. Orlando City SC",122,2,53.55,55.93
2026-07-22,"Find Tickets
San Jose Earthquakes vs. Orlando City SC",123,3,55.93,71.39999999999999
2026-07-22,"Find Tickets
San Jose Earthquakes vs. Orlando City SC",133,3,55.93,61.879999999999995
2026-07-22,"Find Tickets
San Jose Earthquakes vs. Orlando City SC",114,1,57.12,57.12
2026-07-22,"Find Tickets
San Jose Earthquakes vs. Orlando City SC",101,1,58.31,58.31
2026-07-22,"Find Tickets
San Jose Earthquakes vs. Orlando City SC",110,2,59.5,60.69
2026-07-22,"Find Tickets
San Jose Earthquakes vs. Orlando City SC",124,2,59.5,61.88
2026-07-22,"Find Tickets
San Jose Earthquakes vs. Orlando City SC",125,4,59.5,74.0775
2026-07-22,"Find Tickets
San Jose Earthquakes vs. Orlando City SC",103,2,63.07,64.855
2026-07-22,"Find Tickets
San Jose Earthquakes vs. Orlando City SC",102,1,64.26,64.26
2026-07-22,"Find Tickets
San Jose Earthquakes vs. Orlando City SC",132,5,65.45,71.638
2026-07-22,"Find Tickets
San Jose Earthquakes vs. Orlando City SC",109,1,67.83,67.83
2026-07-22,"Find Tickets
San Jose Earthquakes vs. Orlando City SC",126,2,67.83,69.61500000000001
2026-07-22,"Find Tickets
San Jose Earthquakes vs. Orlando City SC",SEISMIC UNION,1,67.83,67.83
2026-07-22,"Find Tickets
San Jose Earthquakes vs. Orlando City SC",127,4,71.4,79.73
2026-07-22,"Find Tickets
San Jose Earthquakes vs. Orlando City SC",130,5,71.4,84.728
2026-07-22,"Find Tickets
San Jose Earthquakes vs. Orlando City SC",131,3,71.4,74.17666666666666
2026-07-22,"Find Tickets
San Jose Earthquakes vs. Orlando City SC",SOUTH GA,1,74.97,74.97
2026-07-22,"Find Tickets
San Jose Earthquakes vs. Orlando City SC",128,6,76.16,89.25
2026-07-22,"Find Tickets
San Jose Earthquakes vs. Orlando City SC",108,1,79.73,79.73
2026-07-22,"Find Tickets
San Jose Earthquakes vs. Orlando City SC",129,4,80.92,91.63
2026-07-22,"Find Tickets
San Jose Earthquakes vs. Orlando City SC",105,2,82.11,85.68
2026-07-22,"Find Tickets
San Jose Earthquakes vs. Orlando City SC",107,2,85.68,108.885
2026-07-22,"Find Tickets
San Jose Earthquakes vs. Orlando City SC",116,1,109.48,109.48
2026-08-01,"Find Tickets
FC Cincinnati vs. San Jose Earthquakes",SUPPORTERS GENERAL ADMISSION,12,48.4,58.785833333333336
2026-08-01,"Find Tickets
FC Cincinnati vs. San Jose Earthquakes",231,2,62.92,64.13
2026-08-01,"Find Tickets
FC Cincinnati vs. San Jose Earthquakes",229,5,64.13,83.248
2026-08-01,"Find Tickets
FC Cincinnati vs. San Jose Earthquakes",211,2,65.34,117.37
2026-08-01,"Find Tickets
FC Cincinnati vs. San Jose Earthquakes",210,4,66.55,68.36500000000001
2026-08-01,"Find Tickets
FC Cincinnati vs. San Jose Earthquakes",230,3,66.55,91.15333333333332
2026-08-01,"Find Tickets
FC Cincinnati vs. San Jose Earthquakes",213,2,75.02,112.53
2026-08-01,"Find Tickets
FC Cincinnati vs. San Jose Earthquakes",212,3,77.44,78.64999999999999
2026-08-01,"Find Tickets
FC Cincinnati vs. San Jose Earthquakes",220,3,91.96,138.34333333333333
2026-08-01,"Find Tickets
FC Cincinnati vs. San Jose Earthquakes",133,2,104.06,143.385
2026-08-01,"Find Tickets
FC Cincinnati vs. San Jose Earthquakes",111,4,106.48,109.8075
2026-08-01,"Find Tickets
FC Cincinnati vs. San Jose Earthquakes",126,3,106.48,113.74000000000001
2026-08-01,"Find Tickets
FC Cincinnati vs. San Jose Earthquakes",214,3,106.48,108.89999999999999
2026-08-01,"Find Tickets
FC Cincinnati vs. San Jose Earthquakes",127,2,108.9,146.41
2026-08-01,"Find Tickets
FC Cincinnati vs. San Jose Earthquakes",216,4,110.11,128.5625
2026-08-01,"Find Tickets
FC Cincinnati vs. San Jose Earthquakes",103,2,112.53,114.95
2026-08-01,"Find Tickets
FC Cincinnati vs. San Jose Earthquakes",217,3,112.53,114.95
2026-08-01,"Find Tickets
FC Cincinnati vs. San Jose Earthquakes",221,4,114.95,142.4775
2026-08-01,"Find Tickets
FC Cincinnati vs. San Jose Earthquakes",124,1,119.79,119.79
2026-08-01,"Find Tickets
FC Cincinnati vs. San Jose Earthquakes",128,2,119.79,120.39500000000001
2026-08-01,"Find Tickets
FC Cincinnati vs. San Jose Earthquakes",102,1,131.89,131.89
2026-08-01,"Find Tickets
FC Cincinnati vs. San Jose Earthquakes",105,1,131.89,131.89
2026-08-01,"Find Tickets
FC Cincinnati vs. San Jose Earthquakes",218,4,141.57,165.4675
2026-08-01,"Find Tickets
FC Cincinnati vs. San Jose Earthquakes",130,1,159.72,159.72
2026-08-01,"Find Tickets
FC Cincinnati vs. San Jose Earthquakes",129,1,164.56,164.56
2026-08-01,"Find Tickets
FC Cincinnati vs. San Jose Earthquakes",224,2,192.39,192.39
2026-08-01,"Find Tickets
FC Cincinnati vs. San Jose Earthquakes",223,2,193.6,193.6
2026-08-01,"Find Tickets
FC Cincinnati vs. San Jose Earthquakes",222,1,212.96,212.96
2026-08-01,"Find Tickets
FC Cincinnati vs. San Jose Earthquakes",219,1,223.85,223.85
2026-08-15,"Find Tickets
San Jose Earthquakes vs. St. Louis City SC",119,3,50.82,52.03
2026-08-15,"Find Tickets
San Jose Earthquakes vs. St. Louis City SC",115,1,53.24,53.24
2026-08-15,"Find Tickets
San Jose Earthquakes vs. St. Louis City SC",120,6,53.24,62.315
2026-08-15,"Find Tickets
San Jose Earthquakes vs. St. Louis City SC",116,2,56.87,67.76
2026-08-15,"Find Tickets
San Jose Earthquakes vs. St. Louis City SC",117,2,56.87,73.81
2026-08-15,"Find Tickets
San Jose Earthquakes vs. St. Louis City SC",122,3,56.87,59.29
2026-08-15,"Find Tickets
San Jose Earthquakes vs. St. Louis City SC",GENERAL ADMISSION,1,56.87,56.87
2026-08-15,"Find Tickets
San Jose Earthquakes vs. St. Louis City SC",112,1,58.08,58.08
2026-08-15,"Find Tickets
San Jose Earthquakes vs. St. Louis City SC",113,1,58.08,58.08
2026-08-15,"Find Tickets
San Jose Earthquakes vs. St. Louis City SC",121,4,58.08,68.66749999999999
2026-08-15,"Find Tickets
San Jose Earthquakes vs. St. Louis City SC",123,2,59.29,60.5
2026-08-15,"Find Tickets
San Jose Earthquakes vs. St. Louis City SC",114,1,60.5,60.5
2026-08-15,"Find Tickets
San Jose Earthquakes vs. St. Louis City SC",101,1,62.92,62.92
2026-08-15,"Find Tickets
San Jose Earthquakes vs. St. Louis City SC",110,2,64.13,65.34
2026-08-15,"Find Tickets
San Jose Earthquakes vs. St. Louis City SC",124,2,64.13,65.945
2026-08-15,"Find Tickets
San Jose Earthquakes vs. St. Louis City SC",125,3,65.34,68.97000000000001
2026-08-15,"Find Tickets
San Jose Earthquakes vs. St. Louis City SC",102,1,67.76,67.76
2026-08-15,"Find Tickets
San Jose Earthquakes vs. St. Louis City SC",103,2,67.76,69.575
2026-08-15,"Find Tickets
San Jose Earthquakes vs. St. Louis City SC",133,3,67.76,69.37333333333333
2026-08-15,"Find Tickets
San Jose Earthquakes vs. St. Louis City SC",SEISMIC UNION,1,68.97,68.97
2026-08-15,"Find Tickets
San Jose Earthquakes vs. St. Louis City SC",132,8,70.18,72.9025
2026-08-15,"Find Tickets
San Jose Earthquakes vs. St. Louis City SC",109,1,72.6,72.6
2026-08-15,"Find Tickets
San Jose Earthquakes vs. St. Louis City SC",126,2,72.6,74.41499999999999
2026-08-15,"Find Tickets
San Jose Earthquakes vs. St. Louis City SC",130,5,75.02,85.91
2026-08-15,"Find Tickets
San Jose Earthquakes vs. St. Louis City SC",127,4,76.23,82.5825
2026-08-15,"Find Tickets
San Jose Earthquakes vs. St. Louis City SC",131,3,76.23,79.45666666666666
2026-08-15,"Find Tickets
San Jose Earthquakes vs. St. Louis City SC",128,6,81.07,91.355
2026-08-15,"Find Tickets
San Jose Earthquakes vs. St. Louis City SC",104,1,82.28,82.28
2026-08-15,"Find Tickets
San Jose Earthquakes vs. St. Louis City SC",SOUTH GA,1,82.28,82.28
2026-08-15,"Find Tickets
San Jose Earthquakes vs. St. Louis City SC",108,1,84.7,84.7
2026-08-15,"Find Tickets
San Jose Earthquakes vs. St. Louis City SC",129,3,84.7,91.15333333333335
2026-08-15,"Find Tickets
San Jose Earthquakes vs. St. Louis City SC",105,2,88.33,91.35499999999999
2026-08-15,"Find Tickets
San Jose Earthquakes vs. St. Louis City SC",107,1,91.96,91.96
2026-08-22,"Find Tickets
San Jose Earthquakes vs. Minnesota United FC",119,2,48.79,49.385
2026-08-22,"Find Tickets
San Jose Earthquakes vs. Minnesota United FC",120,6,48.79,71.39999999999999
2026-08-22,"Find Tickets
San Jose Earthquakes vs. Minnesota United FC",GENERAL ADMISSION,1,48.79,48.79
2026-08-22,"Find Tickets
San Jose Earthquakes vs. Minnesota United FC",115,1,49.98,49.98
2026-08-22,"Find Tickets
San Jose Earthquakes vs. Minnesota United FC",117,2,51.17,70.21000000000001
2026-08-22,"Find Tickets
San Jose Earthquakes vs. Minnesota United FC",112,1,52.36,52.36
2026-08-22,"Find Tickets
San Jose Earthquakes vs. Minnesota United FC",113,1,52.36,52.36
2026-08-22,"Find Tickets
San Jose Earthquakes vs. Minnesota United FC",121,5,53.55,73.066
2026-08-22,"Find Tickets
San Jose Earthquakes vs. Minnesota United FC",122,2,53.55,55.93
2026-08-22,"Find Tickets
San Jose Earthquakes vs. Minnesota United FC",123,3,55.93,69.02
2026-08-22,"Find Tickets
San Jose Earthquakes vs. Minnesota United FC",114,1,57.12,57.12
2026-08-22,"Find Tickets
San Jose Earthquakes vs. Minnesota United FC",101,1,58.31,58.31
2026-08-22,"Find Tickets
San Jose Earthquakes vs. Minnesota United FC",110,2,59.5,60.69
2026-08-22,"Find Tickets
San Jose Earthquakes vs. Minnesota United FC",116,2,59.5,69.02000000000001
2026-08-22,"Find Tickets
San Jose Earthquakes vs. Minnesota United FC",124,2,59.5,61.88
2026-08-22,"Find Tickets
San Jose Earthquakes vs. Minnesota United FC",125,3,61.88,79.33333333333333
2026-08-22,"Find Tickets
San Jose Earthquakes vs. Minnesota United FC",103,2,63.07,64.855
2026-08-22,"Find Tickets
San Jose Earthquakes vs. Minnesota United FC",133,3,63.07,65.84666666666666
2026-08-22,"Find Tickets
San Jose Earthquakes vs. Minnesota United FC",102,1,64.26,64.26
2026-08-22,"Find Tickets
San Jose Earthquakes vs. Minnesota United FC",132,8,65.45,408.02125
2026-08-22,"Find Tickets
San Jose Earthquakes vs. Minnesota United FC",109,1,67.83,67.83
2026-08-22,"Find Tickets
San Jose Earthquakes vs. Minnesota United FC",126,2,67.83,69.61500000000001
2026-08-22,"Find Tickets
San Jose Earthquakes vs. Minnesota United FC",SEISMIC UNION,1,67.83,67.83
2026-08-22,"Find Tickets
San Jose Earthquakes vs. Minnesota United FC",127,4,71.4,77.35000000000001
2026-08-22,"Find Tickets
San Jose Earthquakes vs. Minnesota United FC",130,5,71.4,82.824
2026-08-22,"Find Tickets
San Jose Earthquakes vs. Minnesota United FC",131,3,71.4,74.17666666666666
2026-08-22,"Find Tickets
San Jose Earthquakes vs. Minnesota United FC",128,4,76.16,86.87
2026-08-22,"Find Tickets
San Jose Earthquakes vs. Minnesota United FC",SOUTH GA,1,77.35,77.35
2026-08-22,"Find Tickets
San Jose Earthquakes vs. Minnesota United FC",108,1,79.73,79.73
2026-08-22,"Find Tickets
San Jose Earthquakes vs. Minnesota United FC",129,4,80.92,105.6125
2026-08-22,"Find Tickets
San Jose Earthquakes vs. Minnesota United FC",105,2,82.11,85.68
2026-08-22,"Find Tickets
San Jose Earthquakes vs. Minnesota United FC",107,2,85.68,121.38000000000001
2026-08-22,"Find Tickets
San Jose Earthquakes vs. Minnesota United FC",FIELD CLUB 3,1,315.35,315.35
2026-08-29,"Find Tickets
Houston Dynamo vs. San Jose Earthquakes",SUPPORTERS GENERAL ADMISSION,9,23.8,29.61777777777778
2026-08-29,"Find Tickets
Houston Dynamo vs. San Jose Earthquakes",213,1,24.99,24.99
2026-08-29,"Find Tickets
Houston Dynamo vs. San Jose Earthquakes",214,4,24.99,29.75
2026-08-29,"Find Tickets
Houston Dynamo vs. San Jose Earthquakes",219,3,24.99,24.99
2026-08-29,"Find Tickets
Houston Dynamo vs. San Jose Earthquakes",230,4,24.99,28.8575
2026-08-29,"Find Tickets
Houston Dynamo vs. San Jose Earthquakes",238,5,24.99,29.274
2026-08-29,"Find Tickets
Houston Dynamo vs. San Jose Earthquakes",212,2,26.18,27.369999999999997
2026-08-29,"Find Tickets
Houston Dynamo vs. San Jose Earthquakes",218,6,26.18,30.345
2026-08-29,"Find Tickets
Houston Dynamo vs. San Jose Earthquakes",222,5,26.18,29.036
2026-08-29,"Find Tickets
Houston Dynamo vs. San Jose Earthquakes",239,2,26.18,27.965
2026-08-29,"Find Tickets
Houston Dynamo vs. San Jose Earthquakes",201,2,27.37,28.560000000000002
2026-08-29,"Find Tickets
Houston Dynamo vs. San Jose Earthquakes",221,2,27.37,28.560000000000002
2026-08-29,"Find Tickets
Houston Dynamo vs. San Jose Earthquakes",223,2,27.37,29.155
2026-08-29,"Find Tickets
Houston Dynamo vs. San Jose Earthquakes",224,2,27.37,28.560000000000002
2026-08-29,"Find Tickets
Houston Dynamo vs. San Jose Earthquakes",228,3,27.37,28.956666666666667
2026-08-29,"Find Tickets
Houston Dynamo vs. San Jose Earthquakes",231,3,27.37,28.956666666666667
2026-08-29,"Find Tickets
Houston Dynamo vs. San Jose Earthquakes",232,4,27.37,29.4525
2026-08-29,"Find Tickets
Houston Dynamo vs. San Jose Earthquakes",240,1,27.37,27.37
2026-08-29,"Find Tickets
Houston Dynamo vs. San Jose Earthquakes",211,2,28.56,29.155
2026-08-29,"Find Tickets
Houston Dynamo vs. San Jose Earthquakes",220,3,28.56,31.733333333333334
2026-08-29,"Find Tickets
Houston Dynamo vs. San Jose Earthquakes",229,4,28.56,30.939999999999998
2026-08-29,"Find Tickets
Houston Dynamo vs. San Jose Earthquakes",233,2,28.56,28.56
2026-08-29,"Find Tickets
Houston Dynamo vs. San Jose Earthquakes",234,2,29.75,30.345
2026-08-29,"Find Tickets
Houston Dynamo vs. San Jose Earthquakes",202,2,30.94,31.535000000000004
2026-08-29,"Find Tickets
Houston Dynamo vs. San Jose Earthquakes",210,2,30.94,30.94
2026-08-29,"Find Tickets
Houston Dynamo vs. San Jose Earthquakes",204,1,36.89,36.89
2026-08-29,"Find Tickets
Houston Dynamo vs. San Jose Earthquakes",208,1,38.08,38.08
2026-08-29,"Find Tickets
Houston Dynamo vs. San Jose Earthquakes",209,1,38.08,38.08
2026-09-05,"Find Tickets
Austin FC vs. San Jose Earthquakes",SUPPORTERS GENERAL ADMISSION,21,19.68,45.56857142857143
2026-09-05,"Find Tickets
Austin FC vs. San Jose Earthquakes",102,1,20.91,20.91
2026-09-05,"Find Tickets
Austin FC vs. San Jose Earthquakes",GENERAL ADMISSION SUPPORTER,7,36.9,62.20285714285715
2026-09-05,"Find Tickets
Austin FC vs. San Jose Earthquakes",235,2,61.5,62.730000000000004
2026-09-05,"Find Tickets
Austin FC vs. San Jose Earthquakes",236,4,70.11,89.4825
2026-09-05,"Find Tickets
Austin FC vs. San Jose Earthquakes",SUPPORTER GENERAL,1,71.34,71.34
2026-09-05,"Find Tickets
Austin FC vs. San Jose Earthquakes",230,3,72.57,81.17999999999999
2026-09-05,"Find Tickets
Austin FC vs. San Jose Earthquakes",232,4,79.95,86.715
2026-09-05,"Find Tickets
Austin FC vs. San Jose Earthquakes",123,7,82.41,88.38428571428572
2026-09-05,"Find Tickets
Austin FC vs. San Jose Earthquakes",S316,1,82.41,82.41
2026-09-05,"Find Tickets
Austin FC vs. San Jose Earthquakes",136,1,83.64,83.64
2026-09-05,"Find Tickets
Austin FC vs. San Jose Earthquakes",106,3,84.87,88.14999999999999
2026-09-05,"Find Tickets
Austin FC vs. San Jose Earthquakes",234,1,84.87,84.87
2026-09-05,"Find Tickets
Austin FC vs. San Jose Earthquakes",121,4,86.1,91.63499999999999
2026-09-05,"Find Tickets
Austin FC vs. San Jose Earthquakes",124,6,86.1,95.325
2026-09-05,"Find Tickets
Austin FC vs. San Jose Earthquakes",125,5,91.02,93.47999999999999
2026-09-05,"Find Tickets
Austin FC vs. San Jose Earthquakes",120,1,92.25,92.25
2026-09-05,"Find Tickets
Austin FC vs. San Jose Earthquakes",122,3,92.25,95.94
2026-09-05,"Find Tickets
Austin FC vs. San Jose Earthquakes",127,1,93.48,93.48
2026-09-05,"Find Tickets
Austin FC vs. San Jose Earthquakes",129,1,97.17,97.17
2026-09-05,"Find Tickets
Austin FC vs. San Jose Earthquakes",126,1,98.4,98.4
2026-09-05,"Find Tickets
Austin FC vs. San Jose Earthquakes",134,1,99.63,99.63
2026-09-05,"Find Tickets
Austin FC vs. San Jose Earthquakes",228,1,99.63,99.63
2026-09-12,"Find Tickets
San Jose Earthquakes vs. Houston Dynamo",120,7,46.8,66.69000000000001
2026-09-12,"Find Tickets
San Jose Earthquakes vs. Houston Dynamo",119,2,47.97,48.555
2026-09-12,"Find Tickets
San Jose Earthquakes vs. Houston Dynamo",GENERAL ADMISSION,1,47.97,47.97
2026-09-12,"Find Tickets
San Jose Earthquakes vs. Houston Dynamo",115,1,49.14,49.14
2026-09-12,"Find Tickets
San Jose Earthquakes vs. Houston Dynamo",117,2,50.31,69.03
2026-09-12,"Find Tickets
San Jose Earthquakes vs. Houston Dynamo",112,1,51.48,51.48
2026-09-12,"Find Tickets
San Jose Earthquakes vs. Houston Dynamo",113,1,51.48,51.48
2026-09-12,"Find Tickets
San Jose Earthquakes vs. Houston Dynamo",121,5,52.65,71.838
2026-09-12,"Find Tickets
San Jose Earthquakes vs. Houston Dynamo",122,3,52.65,66.69
2026-09-12,"Find Tickets
San Jose Earthquakes vs. Houston Dynamo",123,2,54.99,55.575
2026-09-12,"Find Tickets
San Jose Earthquakes vs. Houston Dynamo",114,1,56.16,56.16
2026-09-12,"Find Tickets
San Jose Earthquakes vs. Houston Dynamo",116,2,56.16,60.254999999999995
2026-09-12,"Find Tickets
San Jose Earthquakes vs. Houston Dynamo",101,1,57.33,57.33
2026-09-12,"Find Tickets
San Jose Earthquakes vs. Houston Dynamo",110,2,58.5,59.67
2026-09-12,"Find Tickets
San Jose Earthquakes vs. Houston Dynamo",124,3,58.5,79.56
2026-09-12,"Find Tickets
San Jose Earthquakes vs. Houston Dynamo",125,2,60.84,62.010000000000005
2026-09-12,"Find Tickets
San Jose Earthquakes vs. Houston Dynamo",103,2,62.01,63.765
2026-09-12,"Find Tickets
San Jose Earthquakes vs. Houston Dynamo",133,3,62.01,65.13
2026-09-12,"Find Tickets
San Jose Earthquakes vs. Houston Dynamo",102,1,63.18,63.18
2026-09-12,"Find Tickets
San Jose Earthquakes vs. Houston Dynamo",132,5,64.35,67.15799999999999
2026-09-12,"Find Tickets
San Jose Earthquakes vs. Houston Dynamo",109,1,66.69,66.69
2026-09-12,"Find Tickets
San Jose Earthquakes vs. Houston Dynamo",126,2,66.69,68.445
2026-09-12,"Find Tickets
San Jose Earthquakes vs. Houston Dynamo",SEISMIC UNION,1,66.69,66.69
2026-09-12,"Find Tickets
San Jose Earthquakes vs. Houston Dynamo",127,4,70.2,77.22
2026-09-12,"Find Tickets
San Jose Earthquakes vs. Houston Dynamo",130,5,70.2,80.72999999999999
2026-09-12,"Find Tickets
San Jose Earthquakes vs. Houston Dynamo",131,3,70.2,72.93
2026-09-12,"Find Tickets
San Jose Earthquakes vs. Houston Dynamo",128,5,74.88,85.176
2026-09-12,"Find Tickets
San Jose Earthquakes vs. Houston Dynamo",SOUTH GA,1,76.05,76.05
2026-09-12,"Find Tickets
San Jose Earthquakes vs. Houston Dynamo",108,1,78.39,78.39
2026-09-12,"Find Tickets
San Jose Earthquakes vs. Houston Dynamo",104,1,79.56,79.56
2026-09-12,"Find Tickets
San Jose Earthquakes vs. Houston Dynamo",129,4,79.56,103.545
2026-09-12,"Find Tickets
San Jose Earthquakes vs. Houston Dynamo",105,2,80.73,84.24000000000001
2026-09-12,"Find Tickets
San Jose Earthquakes vs. Houston Dynamo",107,2,84.24,119.34
2026-09-12,"Find Tickets
San Jose Earthquakes vs. Houston Dynamo",FIELD CLUB 3,1,312.39,312.39
2026-09-19,"Find Tickets
San Jose Earthquakes vs. Los Angeles Football Club",129,1,54.99,54.99
2026-09-19,"Find Tickets
San Jose Earthquakes vs. Los Angeles Football Club",107,1,62.01,62.01
2026-09-19,"Find Tickets
San Jose Earthquakes vs. Los Angeles Football Club",123,2,62.01,62.01
2026-09-19,"Find Tickets
San Jose Earthquakes vs. Los Angeles Football Club",131,1,62.01,62.01
2026-09-26,"Find Tickets
San Jose Earthquakes vs. Portland Timbers",119,2,47.97,48.555
2026-09-26,"Find Tickets
San Jose Earthquakes vs. Portland Timbers",120,5,47.97,1006.902
2026-09-26,"Find Tickets
San Jose Earthquakes vs. Portland Timbers",GENERAL ADMISSION,1,47.97,47.97
2026-09-26,"Find Tickets
San Jose Earthquakes vs. Portland Timbers",115,1,49.14,49.14
2026-09-26,"Find Tickets
San Jose Earthquakes vs. Portland Timbers",112,1,51.48,51.48
2026-09-26,"Find Tickets
San Jose Earthquakes vs. Portland Timbers",113,1,51.48,51.48
2026-09-26,"Find Tickets
San Jose Earthquakes vs. Portland Timbers",121,5,52.65,71.838
2026-09-26,"Find Tickets
San Jose Earthquakes vs. Portland Timbers",122,2,52.65,54.989999999999995
2026-09-26,"Find Tickets
San Jose Earthquakes vs. Portland Timbers",116,1,53.82,53.82
2026-09-26,"Find Tickets
San Jose Earthquakes vs. Portland Timbers",123,3,54.99,69.42
2026-09-26,"Find Tickets
San Jose Earthquakes vs. Portland Timbers",114,1,56.16,56.16
2026-09-26,"Find Tickets
San Jose Earthquakes vs. Portland Timbers",101,1,57.33,57.33
2026-09-26,"Find Tickets
San Jose Earthquakes vs. Portland Timbers",110,2,58.5,59.67
2026-09-26,"Find Tickets
San Jose Earthquakes vs. Portland Timbers",124,2,58.5,60.84
2026-09-26,"Find Tickets
San Jose Earthquakes vs. Portland Timbers",117,2,59.67,73.71000000000001
2026-09-26,"Find Tickets
San Jose Earthquakes vs. Portland Timbers",125,5,60.84,73.71000000000001
2026-09-26,"Find Tickets
San Jose Earthquakes vs. Portland Timbers",103,2,62.01,63.765
2026-09-26,"Find Tickets
San Jose Earthquakes vs. Portland Timbers",133,3,62.01,65.52
2026-09-26,"Find Tickets
San Jose Earthquakes vs. Portland Timbers",102,1,63.18,63.18
2026-09-26,"Find Tickets
San Jose Earthquakes vs. Portland Timbers",132,7,64.35,974.4428571428572
2026-09-26,"Find Tickets
San Jose Earthquakes vs. Portland Timbers",109,1,66.69,66.69
2026-09-26,"Find Tickets
San Jose Earthquakes vs. Portland Timbers",126,2,66.69,68.445
2026-09-26,"Find Tickets
San Jose Earthquakes vs. Portland Timbers",127,4,70.2,78.975
2026-09-26,"Find Tickets
San Jose Earthquakes vs. Portland Timbers",130,5,70.2,80.262
2026-09-26,"Find Tickets
San Jose Earthquakes vs. Portland Timbers",131,3,70.2,72.93
2026-09-26,"Find Tickets
San Jose Earthquakes vs. Portland Timbers",SOUTH GA,1,71.37,71.37
2026-09-26,"Find Tickets
San Jose Earthquakes vs. Portland Timbers",128,7,74.88,85.91142857142857
2026-09-26,"Find Tickets
San Jose Earthquakes vs. Portland Timbers",108,1,78.39,78.39
2026-09-26,"Find Tickets
San Jose Earthquakes vs. Portland Timbers",129,4,79.56,105.3
2026-09-26,"Find Tickets
San Jose Earthquakes vs. Portland Timbers",105,2,80.73,84.24000000000001
2026-09-26,"Find Tickets
San Jose Earthquakes vs. Portland Timbers",107,2,84.24,119.34
2026-09-26,"Find Tickets
San Jose Earthquakes vs. Portland Timbers",104,1,87.75,87.75
2026-09-26,"Find Tickets
San Jose Earthquakes vs. Portland Timbers",FIELD CLUB 3,1,369.72,369.72
2026-10-10,"Find Tickets
Colorado Rapids vs. San Jose Earthquakes",119,3,36.89,44.03
2026-10-10,"Find Tickets
Colorado Rapids vs. San Jose Earthquakes",116,1,41.65,41.65
2026-10-10,"Find Tickets
Colorado Rapids vs. San Jose Earthquakes",122,6,41.65,50.971666666666664
2026-10-10,"Find Tickets
Colorado Rapids vs. San Jose Earthquakes",101,4,44.03,48.195
2026-10-10,"Find Tickets
Colorado Rapids vs. San Jose Earthquakes",123,5,44.03,45.22
2026-10-10,"Find Tickets
Colorado Rapids vs. San Jose Earthquakes",112,8,45.22,49.385
2026-10-10,"Find Tickets
Colorado Rapids vs. San Jose Earthquakes",114,5,49.98,53.312
2026-10-10,"Find Tickets
Colorado Rapids vs. San Jose Earthquakes",121,5,49.98,51.407999999999994
2026-10-10,"Find Tickets
Colorado Rapids vs. San Jose Earthquakes",115,1,52.36,52.36
2026-10-10,"Find Tickets
Colorado Rapids vs. San Jose Earthquakes",113,3,53.55,54.343333333333334
2026-10-10,"Find Tickets
Colorado Rapids vs. San Jose Earthquakes",102,1,55.93,55.93
2026-10-10,"Find Tickets
Colorado Rapids vs. San Jose Earthquakes",120,1,57.12,57.12
2026-10-10,"Find Tickets
Colorado Rapids vs. San Jose Earthquakes",104,4,59.5,64.855
2026-10-10,"Find Tickets
Colorado Rapids vs. San Jose Earthquakes",108,1,59.5,59.5
2026-10-10,"Find Tickets
Colorado Rapids vs. San Jose Earthquakes",109,4,60.69,66.045
2026-10-10,"Find Tickets
Colorado Rapids vs. San Jose Earthquakes",110,3,63.07,68.62333333333333
2026-10-10,"Find Tickets
Colorado Rapids vs. San Jose Earthquakes",103,4,64.26,67.83
2026-10-10,"Find Tickets
Colorado Rapids vs. San Jose Earthquakes",124,1,65.45,65.45
2026-10-10,"Find Tickets
Colorado Rapids vs. San Jose Earthquakes",107,1,69.02,69.02
2026-10-10,"Find Tickets
Colorado Rapids vs. San Jose Earthquakes",106,2,70.21,71.4
2026-10-10,"Find Tickets
Colorado Rapids vs. San Jose Earthquakes",105,2,71.4,71.995
2026-10-14,"Find Tickets
Real Salt Lake vs. San Jose Earthquakes",206,2,28.29,46.739999999999995
2026-10-14,"Find Tickets
Real Salt Lake vs. San Jose Earthquakes",235,5,28.29,43.788
2026-10-14,"Find Tickets
Real Salt Lake vs. San Jose Earthquakes",204,5,29.52,42.558
2026-10-14,"Find Tickets
Real Salt Lake vs. San Jose Earthquakes",205,8,29.52,44.894999999999996
2026-10-14,"Find Tickets
Real Salt Lake vs. San Jose Earthquakes",30,2,31.98,67.035
2026-10-14,"Find Tickets
Real Salt Lake vs. San Jose Earthquakes",6,2,31.98,67.035
2026-10-14,"Find Tickets
Real Salt Lake vs. San Jose Earthquakes",26,1,33.21,33.21
2026-10-14,"Find Tickets
Real Salt Lake vs. San Jose Earthquakes",28,6,33.21,74.005
2026-10-14,"Find Tickets
Real Salt Lake vs. San Jose Earthquakes",12,1,34.44,34.44
2026-10-14,"Find Tickets
Real Salt Lake vs. San Jose Earthquakes",203,1,34.44,34.44
2026-10-14,"Find Tickets
Real Salt Lake vs. San Jose Earthquakes",236,2,34.44,62.73
2026-10-14,"Find Tickets
Real Salt Lake vs. San Jose Earthquakes",29,2,34.44,62.73
2026-10-14,"Find Tickets
Real Salt Lake vs. San Jose Earthquakes",31,4,34.44,70.725
2026-10-14,"Find Tickets
Real Salt Lake vs. San Jose Earthquakes",7,2,34.44,35.67
2026-10-14,"Find Tickets
Real Salt Lake vs. San Jose Earthquakes",8,2,34.44,36.285
2026-10-14,"Find Tickets
Real Salt Lake vs. San Jose Earthquakes",13,4,35.67,79.33500000000001
2026-10-14,"Find Tickets
Real Salt Lake vs. San Jose Earthquakes",14,3,35.67,93.89
2026-10-14,"Find Tickets
Real Salt Lake vs. San Jose Earthquakes",25,1,35.67,35.67
2026-10-14,"Find Tickets
Real Salt Lake vs. San Jose Earthquakes",27,3,35.67,75.03
2026-10-14,"Find Tickets
Real Salt Lake vs. San Jose Earthquakes",32,1,35.67,35.67
2026-10-14,"Find Tickets
Real Salt Lake vs. San Jose Earthquakes",33,1,35.67,35.67
2026-10-14,"Find Tickets
Real Salt Lake vs. San Jose Earthquakes",237,1,36.9,36.9
2026-10-14,"Find Tickets
Real Salt Lake vs. San Jose Earthquakes",201,1,38.13,38.13
2026-10-14,"Find Tickets
Real Salt Lake vs. San Jose Earthquakes",34,1,38.13,38.13
2026-10-14,"Find Tickets
Real Salt Lake vs. San Jose Earthquakes",4,4,38.13,59.655
2026-10-14,"Find Tickets
Real Salt Lake vs. San Jose Earthquakes",202,1,39.36,39.36
2026-10-14,"Find Tickets
Real Salt Lake vs. San Jose Earthquakes",35,7,44.28,63.60857142857143
2026-10-14,"Find Tickets
Real Salt Lake vs. San Jose Earthquakes",3,3,50.43,103.73
2026-10-14,"Find Tickets
Real Salt Lake vs. San Jose Earthquakes",5,3,50.43,86.50999999999999
2026-10-14,"Find Tickets
Real Salt Lake vs. San Jose Earthquakes",16,2,51.66,52.275
2026-10-14,"Find Tickets
Real Salt Lake vs. San Jose Earthquakes",22,1,51.66,51.66
2026-10-14,"Find Tickets
Real Salt Lake vs. San Jose Earthquakes",36,2,55.35,92.865
2026-10-14,"Find Tickets
Real Salt Lake vs. San Jose Earthquakes",2,3,56.58,90.61
2026-10-14,"Find Tickets
Real Salt Lake vs. San Jose Earthquakes",23,1,56.58,56.58
2026-10-14,"Find Tickets
Real Salt Lake vs. San Jose Earthquakes",37,5,57.81,83.39399999999999
2026-10-14,"Find Tickets
Real Salt Lake vs. San Jose Earthquakes",15,1,59.04,59.04
2026-10-14,"Find Tickets
Real Salt Lake vs. San Jose Earthquakes",1,5,60.27,93.97200000000001
2026-10-14,"Find Tickets
Real Salt Lake vs. San Jose Earthquakes",24,1,104.55,104.55
2026-10-24,"Find Tickets
FC Dallas vs. San Jose Earthquakes",SUPPORTERS,3,42.84,45.61666666666667
2026-10-24,"Find Tickets
FC Dallas vs. San Jose Earthquakes",121,2,59.5,60.69
2026-10-24,"Find Tickets
FC Dallas vs. San Jose Earthquakes",102,11,60.69,72.59
2026-10-24,"Find Tickets
FC Dallas vs. San Jose Earthquakes",111,3,64.26,78.93666666666667
2026-10-24,"Find Tickets
FC Dallas vs. San Jose Earthquakes",110,8,66.64,78.39125
2026-10-24,"Find Tickets
FC Dallas vs. San Jose Earthquakes",101,2,72.59,80.92
2026-10-24,"Find Tickets
FC Dallas vs. San Jose Earthquakes",109,3,80.92,83.69666666666667
2026-10-24,"Find Tickets
FC Dallas vs. San Jose Earthquakes",103,1,82.11,82.11
2026-10-24,"Find Tickets
FC Dallas vs. San Jose Earthquakes",104,3,99.96,106.70333333333333
2026-10-24,"Find Tickets
FC Dallas vs. San Jose Earthquakes",108,2,99.96,103.53
2026-10-24,"Find Tickets
FC Dallas vs. San Jose Earthquakes",105,4,119.0,167.79
2026-10-24,"Find Tickets
FC Dallas vs. San Jose Earthquakes",107,1,124.95,124.95
2026-10-24,"Find Tickets
FC Dallas vs. San Jose Earthquakes",118,1,198.73,198.73
2026-10-28,"Find Tickets
San Jose Earthquakes vs. Colorado Rapids",115,1,34.0,34.0
2026-10-28,"Find Tickets
San Jose Earthquakes vs. Colorado Rapids",119,1,34.0,34.0
2026-10-28,"Find Tickets
San Jose Earthquakes vs. Colorado Rapids",120,5,34.0,56.408
2026-10-28,"Find Tickets
San Jose Earthquakes vs. Colorado Rapids",112,1,36.27,36.27
2026-10-28,"Find Tickets
San Jose Earthquakes vs. Colorado Rapids",113,1,36.27,36.27
2026-10-28,"Find Tickets
San Jose Earthquakes vs. Colorado Rapids",121,5,36.27,51.948
2026-10-28,"Find Tickets
San Jose Earthquakes vs. Colorado Rapids",122,2,36.27,37.44
2026-10-28,"Find Tickets
San Jose Earthquakes vs. Colorado Rapids",123,3,37.44,56.54999999999999
2026-10-28,"Find Tickets
San Jose Earthquakes vs. Colorado Rapids",114,1,38.61,38.61
2026-10-28,"Find Tickets
San Jose Earthquakes vs. Colorado Rapids",101,1,39.78,39.78
2026-10-28,"Find Tickets
San Jose Earthquakes vs. Colorado Rapids",110,2,39.78,40.95
2026-10-28,"Find Tickets
San Jose Earthquakes vs. Colorado Rapids",124,2,39.78,41.535
2026-10-28,"Find Tickets
San Jose Earthquakes vs. Colorado Rapids",125,3,40.95,64.74
2026-10-28,"Find Tickets
San Jose Earthquakes vs. Colorado Rapids",102,1,43.29,43.29
2026-10-28,"Find Tickets
San Jose Earthquakes vs. Colorado Rapids",103,2,43.29,44.46
2026-10-28,"Find Tickets
San Jose Earthquakes vs. Colorado Rapids",133,3,43.29,45.629999999999995
2026-10-28,"Find Tickets
San Jose Earthquakes vs. Colorado Rapids",132,8,44.46,80.87625
2026-10-28,"Find Tickets
San Jose Earthquakes vs. Colorado Rapids",109,1,45.63,45.63
2026-10-28,"Find Tickets
San Jose Earthquakes vs. Colorado Rapids",126,2,46.8,47.97
2026-10-28,"Find Tickets
San Jose Earthquakes vs. Colorado Rapids",130,5,47.97,63.414
2026-10-28,"Find Tickets
San Jose Earthquakes vs. Colorado Rapids",GENERAL ADMISSION,1,47.97,47.97
2026-10-28,"Find Tickets
San Jose Earthquakes vs. Colorado Rapids",127,4,49.14,62.595
2026-10-28,"Find Tickets
San Jose Earthquakes vs. Colorado Rapids",131,3,49.14,51.870000000000005
2026-10-28,"Find Tickets
San Jose Earthquakes vs. Colorado Rapids",128,6,51.48,74.88
2026-10-28,"Find Tickets
San Jose Earthquakes vs. Colorado Rapids",SOUTH GA,1,51.48,51.48
2026-10-28,"Find Tickets
San Jose Earthquakes vs. Colorado Rapids",108,1,56.16,56.16
2026-10-28,"Find Tickets
San Jose Earthquakes vs. Colorado Rapids",129,4,57.33,87.16499999999999
2026-10-28,"Find Tickets
San Jose Earthquakes vs. Colorado Rapids",105,2,58.5,60.84
2026-10-28,"Find Tickets
San Jose Earthquakes vs. Colorado Rapids",117,2,59.67,73.71000000000001
2026-10-28,"Find Tickets
San Jose Earthquakes vs. Colorado Rapids",107,2,60.84,101.205
2026-10-28,"Find Tickets
San Jose Earthquakes vs. Colorado Rapids",116,1,66.69,66.69
2026-10-28,"Find Tickets
San Jose Earthquakes vs. Colorado Rapids",104,1,86.58,86.58
